spec,inline,compiler,class,target,run,status,gflops,wall_seconds,build_status,build_time_seconds,build_peak_rss_kb,job_id,array_task_id,node,started_at,finished_at,error_message
fullspec,inline,new,A,mt_pth,1,SUCCESS,3.560038,1.279466,SUCCESS,34.97731,1943080.0,1642540,0,cn99,2026-05-25T18:49:22+00:00,2026-05-25T18:50:22+00:00,
fullspec,inline,new,A,mt_pth,2,SUCCESS,3.546494,1.29604,SUCCESS,34.97731,1943080.0,1642540,0,cn99,2026-05-25T18:49:22+00:00,2026-05-25T18:50:22+00:00,
fullspec,inline,new,A,mt_pth,3,SUCCESS,3.562333,1.278633,SUCCESS,34.97731,1943080.0,1642540,0,cn99,2026-05-25T18:49:22+00:00,2026-05-25T18:50:22+00:00,
fullspec,inline,new,A,mt_pth,4,SUCCESS,3.759969,1.196704,SUCCESS,34.97731,1943080.0,1642540,0,cn99,2026-05-25T18:49:22+00:00,2026-05-25T18:50:22+00:00,
fullspec,inline,new,A,mt_pth,5,SUCCESS,3.749135,1.196523,SUCCESS,34.97731,1943080.0,1642540,0,cn99,2026-05-25T18:49:22+00:00,2026-05-25T18:50:22+00:00,
fullspec,inline,new,A,mt_pth,6,SUCCESS,3.756288,1.205287,SUCCESS,34.97731,1943080.0,1642540,0,cn99,2026-05-25T18:49:22+00:00,2026-05-25T18:50:22+00:00,
fullspec,inline,new,A,mt_pth,7,SUCCESS,3.570003,1.278821,SUCCESS,34.97731,1943080.0,1642540,0,cn99,2026-05-25T18:49:22+00:00,2026-05-25T18:50:22+00:00,
fullspec,inline,new,A,mt_pth,8,SUCCESS,3.757966,1.2182,SUCCESS,34.97731,1943080.0,1642540,0,cn99,2026-05-25T18:49:22+00:00,2026-05-25T18:50:22+00:00,
fullspec,inline,new,A,mt_pth,9,SUCCESS,3.764594,1.195188,SUCCESS,34.97731,1943080.0,1642540,0,cn99,2026-05-25T18:49:22+00:00,2026-05-25T18:50:22+00:00,
fullspec,inline,new,A,mt_pth,10,SUCCESS,3.762469,1.196244,SUCCESS,34.97731,1943080.0,1642540,0,cn99,2026-05-25T18:49:22+00:00,2026-05-25T18:50:22+00:00,
fullspec,inline,new,A,mt_pth,11,SUCCESS,3.768372,1.193217,SUCCESS,34.97731,1943080.0,1642540,0,cn99,2026-05-25T18:49:22+00:00,2026-05-25T18:50:22+00:00,
fullspec,inline,new,A,mt_pth,12,SUCCESS,3.704562,1.20658,SUCCESS,34.97731,1943080.0,1642540,0,cn99,2026-05-25T18:49:22+00:00,2026-05-25T18:50:22+00:00,
fullspec,inline,new,A,mt_pth,13,SUCCESS,3.67811,1.220656,SUCCESS,34.97731,1943080.0,1642540,0,cn99,2026-05-25T18:49:22+00:00,2026-05-25T18:50:22+00:00,
fullspec,inline,new,A,mt_pth,14,SUCCESS,3.708325,1.205176,SUCCESS,34.97731,1943080.0,1642540,0,cn99,2026-05-25T18:49:22+00:00,2026-05-25T18:50:22+00:00,
fullspec,inline,new,A,mt_pth,15,SUCCESS,3.71683,1.206926,SUCCESS,34.97731,1943080.0,1642540,0,cn99,2026-05-25T18:49:22+00:00,2026-05-25T18:50:22+00:00,
fullspec,inline,new,A,mt_pth,16,SUCCESS,3.715159,1.206771,SUCCESS,34.97731,1943080.0,1642540,0,cn99,2026-05-25T18:49:22+00:00,2026-05-25T18:50:22+00:00,
fullspec,inline,new,A,mt_pth,17,SUCCESS,3.717333,1.209369,SUCCESS,34.97731,1943080.0,1642540,0,cn99,2026-05-25T18:49:22+00:00,2026-05-25T18:50:22+00:00,
fullspec,inline,new,A,mt_pth,18,SUCCESS,3.735748,1.21438,SUCCESS,34.97731,1943080.0,1642540,0,cn99,2026-05-25T18:49:22+00:00,2026-05-25T18:50:22+00:00,
fullspec,inline,new,A,mt_pth,19,SUCCESS,3.762849,1.198054,SUCCESS,34.97731,1943080.0,1642540,0,cn99,2026-05-25T18:49:22+00:00,2026-05-25T18:50:22+00:00,
fullspec,inline,new,A,mt_pth,20,SUCCESS,3.742853,1.209947,SUCCESS,34.97731,1943080.0,1642540,0,cn99,2026-05-25T18:49:22+00:00,2026-05-25T18:50:22+00:00,
fullspec,inline,new,B,mt_pth,1,SUCCESS,3.592183,5.609258,SUCCESS,42.724226,1943048.0,1642540,8,cn99,2026-05-25T18:54:44+00:00,2026-05-25T18:57:19+00:00,
fullspec,inline,new,B,mt_pth,2,SUCCESS,3.540926,5.674052,SUCCESS,42.724226,1943048.0,1642540,8,cn99,2026-05-25T18:54:44+00:00,2026-05-25T18:57:19+00:00,
fullspec,inline,new,B,mt_pth,3,SUCCESS,3.615952,5.574708,SUCCESS,42.724226,1943048.0,1642540,8,cn99,2026-05-25T18:54:44+00:00,2026-05-25T18:57:19+00:00,
fullspec,inline,new,B,mt_pth,4,SUCCESS,3.594727,5.590838,SUCCESS,42.724226,1943048.0,1642540,8,cn99,2026-05-25T18:54:44+00:00,2026-05-25T18:57:19+00:00,
fullspec,inline,new,B,mt_pth,5,SUCCESS,3.407971,5.881579,SUCCESS,42.724226,1943048.0,1642540,8,cn99,2026-05-25T18:54:44+00:00,2026-05-25T18:57:19+00:00,
fullspec,inline,new,B,mt_pth,6,SUCCESS,3.16994,6.332177,SUCCESS,42.724226,1943048.0,1642540,8,cn99,2026-05-25T18:54:44+00:00,2026-05-25T18:57:19+00:00,
fullspec,inline,new,B,mt_pth,7,SUCCESS,2.990092,6.694734,SUCCESS,42.724226,1943048.0,1642540,8,cn99,2026-05-25T18:54:44+00:00,2026-05-25T18:57:19+00:00,
fullspec,inline,new,B,mt_pth,8,SUCCESS,3.493636,5.738282,SUCCESS,42.724226,1943048.0,1642540,8,cn99,2026-05-25T18:54:44+00:00,2026-05-25T18:57:19+00:00,
fullspec,inline,new,B,mt_pth,9,SUCCESS,3.589581,5.703954,SUCCESS,42.724226,1943048.0,1642540,8,cn99,2026-05-25T18:54:44+00:00,2026-05-25T18:57:19+00:00,
fullspec,inline,new,B,mt_pth,10,SUCCESS,3.553525,5.64991,SUCCESS,42.724226,1943048.0,1642540,8,cn99,2026-05-25T18:54:44+00:00,2026-05-25T18:57:19+00:00,
fullspec,inline,new,B,mt_pth,11,SUCCESS,3.523556,5.732799,SUCCESS,42.724226,1943048.0,1642540,8,cn99,2026-05-25T18:54:44+00:00,2026-05-25T18:57:19+00:00,
fullspec,inline,new,B,mt_pth,12,SUCCESS,3.747027,5.376074,SUCCESS,42.724226,1943048.0,1642540,8,cn99,2026-05-25T18:54:44+00:00,2026-05-25T18:57:19+00:00,
fullspec,inline,new,B,mt_pth,13,SUCCESS,3.962394,5.088394,SUCCESS,42.724226,1943048.0,1642540,8,cn99,2026-05-25T18:54:44+00:00,2026-05-25T18:57:19+00:00,
fullspec,inline,new,B,mt_pth,14,SUCCESS,3.940422,5.111907,SUCCESS,42.724226,1943048.0,1642540,8,cn99,2026-05-25T18:54:44+00:00,2026-05-25T18:57:19+00:00,
fullspec,inline,new,B,mt_pth,15,SUCCESS,3.990868,5.050955,SUCCESS,42.724226,1943048.0,1642540,8,cn99,2026-05-25T18:54:44+00:00,2026-05-25T18:57:19+00:00,
fullspec,inline,new,B,mt_pth,16,SUCCESS,3.890224,5.179087,SUCCESS,42.724226,1943048.0,1642540,8,cn99,2026-05-25T18:54:44+00:00,2026-05-25T18:57:19+00:00,
fullspec,inline,new,B,mt_pth,17,SUCCESS,3.809253,5.281008,SUCCESS,42.724226,1943048.0,1642540,8,cn99,2026-05-25T18:54:44+00:00,2026-05-25T18:57:19+00:00,
fullspec,inline,new,B,mt_pth,18,SUCCESS,3.839835,5.241135,SUCCESS,42.724226,1943048.0,1642540,8,cn99,2026-05-25T18:54:44+00:00,2026-05-25T18:57:19+00:00,
fullspec,inline,new,B,mt_pth,19,SUCCESS,3.940023,5.110866,SUCCESS,42.724226,1943048.0,1642540,8,cn99,2026-05-25T18:54:44+00:00,2026-05-25T18:57:19+00:00,
fullspec,inline,new,B,mt_pth,20,SUCCESS,3.973888,5.068515,SUCCESS,42.724226,1943048.0,1642540,8,cn99,2026-05-25T18:54:44+00:00,2026-05-25T18:57:19+00:00,
fullspec,inline,new,C,mt_pth,1,SUCCESS,2.95104,54.209229,SUCCESS,44.43847,1954944.0,1642540,16,cn99,2026-05-25T19:02:24+00:00,2026-05-25T19:21:41+00:00,
fullspec,inline,new,C,mt_pth,2,SUCCESS,3.013152,52.960953,SUCCESS,44.43847,1954944.0,1642540,16,cn99,2026-05-25T19:02:24+00:00,2026-05-25T19:21:41+00:00,
fullspec,inline,new,C,mt_pth,3,SUCCESS,2.896159,55.053384,SUCCESS,44.43847,1954944.0,1642540,16,cn99,2026-05-25T19:02:24+00:00,2026-05-25T19:21:41+00:00,
fullspec,inline,new,C,mt_pth,4,SUCCESS,2.952863,53.995968,SUCCESS,44.43847,1954944.0,1642540,16,cn99,2026-05-25T19:02:24+00:00,2026-05-25T19:21:41+00:00,
fullspec,inline,new,C,mt_pth,5,SUCCESS,2.89925,54.996346,SUCCESS,44.43847,1954944.0,1642540,16,cn99,2026-05-25T19:02:24+00:00,2026-05-25T19:21:41+00:00,
fullspec,inline,new,C,mt_pth,6,SUCCESS,2.958103,53.89151,SUCCESS,44.43847,1954944.0,1642540,16,cn99,2026-05-25T19:02:24+00:00,2026-05-25T19:21:41+00:00,
fullspec,inline,new,C,mt_pth,7,SUCCESS,2.931262,54.442526,SUCCESS,44.43847,1954944.0,1642540,16,cn99,2026-05-25T19:02:24+00:00,2026-05-25T19:21:41+00:00,
fullspec,inline,new,C,mt_pth,8,SUCCESS,2.939299,54.362159,SUCCESS,44.43847,1954944.0,1642540,16,cn99,2026-05-25T19:02:24+00:00,2026-05-25T19:21:41+00:00,
fullspec,inline,new,C,mt_pth,9,SUCCESS,3.011272,53.0783,SUCCESS,44.43847,1954944.0,1642540,16,cn99,2026-05-25T19:02:24+00:00,2026-05-25T19:21:41+00:00,
fullspec,inline,new,C,mt_pth,10,SUCCESS,2.946018,54.147981,SUCCESS,44.43847,1954944.0,1642540,16,cn99,2026-05-25T19:02:24+00:00,2026-05-25T19:21:41+00:00,
fullspec,inline,new,C,mt_pth,11,SUCCESS,2.919457,54.667205,SUCCESS,44.43847,1954944.0,1642540,16,cn99,2026-05-25T19:02:24+00:00,2026-05-25T19:21:41+00:00,
fullspec,inline,new,C,mt_pth,12,SUCCESS,2.893816,55.135321,SUCCESS,44.43847,1954944.0,1642540,16,cn99,2026-05-25T19:02:24+00:00,2026-05-25T19:21:41+00:00,
fullspec,inline,new,C,mt_pth,13,SUCCESS,2.897358,54.979928,SUCCESS,44.43847,1954944.0,1642540,16,cn99,2026-05-25T19:02:24+00:00,2026-05-25T19:21:41+00:00,
fullspec,inline,new,C,mt_pth,14,SUCCESS,2.87758,55.365492,SUCCESS,44.43847,1954944.0,1642540,16,cn99,2026-05-25T19:02:24+00:00,2026-05-25T19:21:41+00:00,
fullspec,inline,new,C,mt_pth,15,SUCCESS,2.930045,54.400772,SUCCESS,44.43847,1954944.0,1642540,16,cn99,2026-05-25T19:02:24+00:00,2026-05-25T19:21:41+00:00,
fullspec,inline,new,C,mt_pth,16,SUCCESS,2.890186,55.155354,SUCCESS,44.43847,1954944.0,1642540,16,cn99,2026-05-25T19:02:24+00:00,2026-05-25T19:21:41+00:00,
fullspec,inline,new,C,mt_pth,17,SUCCESS,3.184364,50.15628,SUCCESS,44.43847,1954944.0,1642540,16,cn99,2026-05-25T19:02:24+00:00,2026-05-25T19:21:41+00:00,
fullspec,inline,new,C,mt_pth,18,SUCCESS,3.268221,48.874462,SUCCESS,44.43847,1954944.0,1642540,16,cn99,2026-05-25T19:02:24+00:00,2026-05-25T19:21:41+00:00,
fullspec,inline,new,C,mt_pth,19,SUCCESS,2.308304,68.796821,SUCCESS,44.43847,1954944.0,1642540,16,cn99,2026-05-25T19:02:24+00:00,2026-05-25T19:21:41+00:00,
fullspec,inline,new,C,mt_pth,20,SUCCESS,2.181805,72.791105,SUCCESS,44.43847,1954944.0,1642540,16,cn99,2026-05-25T19:02:24+00:00,2026-05-25T19:21:41+00:00,
fullspec,inline,orig,A,mt_pth,1,SUCCESS,3.750496,1.209273,SUCCESS,29.017222,1641264.0,1642540,1,cn99,2026-05-25T18:50:23+00:00,2026-05-25T18:51:18+00:00,
fullspec,inline,orig,A,mt_pth,2,SUCCESS,3.769491,1.201591,SUCCESS,29.017222,1641264.0,1642540,1,cn99,2026-05-25T18:50:23+00:00,2026-05-25T18:51:18+00:00,
fullspec,inline,orig,A,mt_pth,3,SUCCESS,3.753086,1.20493,SUCCESS,29.017222,1641264.0,1642540,1,cn99,2026-05-25T18:50:23+00:00,2026-05-25T18:51:18+00:00,
fullspec,inline,orig,A,mt_pth,4,SUCCESS,3.75036,1.201456,SUCCESS,29.017222,1641264.0,1642540,1,cn99,2026-05-25T18:50:23+00:00,2026-05-25T18:51:18+00:00,
fullspec,inline,orig,A,mt_pth,5,SUCCESS,3.704036,1.208094,SUCCESS,29.017222,1641264.0,1642540,1,cn99,2026-05-25T18:50:23+00:00,2026-05-25T18:51:18+00:00,
fullspec,inline,orig,A,mt_pth,6,SUCCESS,3.662109,1.224623,SUCCESS,29.017222,1641264.0,1642540,1,cn99,2026-05-25T18:50:23+00:00,2026-05-25T18:51:18+00:00,
fullspec,inline,orig,A,mt_pth,7,SUCCESS,3.68706,1.221678,SUCCESS,29.017222,1641264.0,1642540,1,cn99,2026-05-25T18:50:23+00:00,2026-05-25T18:51:18+00:00,
fullspec,inline,orig,A,mt_pth,8,SUCCESS,3.68907,1.221836,SUCCESS,29.017222,1641264.0,1642540,1,cn99,2026-05-25T18:50:23+00:00,2026-05-25T18:51:18+00:00,
fullspec,inline,orig,A,mt_pth,9,SUCCESS,3.727453,1.196456,SUCCESS,29.017222,1641264.0,1642540,1,cn99,2026-05-25T18:50:23+00:00,2026-05-25T18:51:18+00:00,
fullspec,inline,orig,A,mt_pth,10,SUCCESS,3.656336,1.224838,SUCCESS,29.017222,1641264.0,1642540,1,cn99,2026-05-25T18:50:23+00:00,2026-05-25T18:51:18+00:00,
fullspec,inline,orig,A,mt_pth,11,SUCCESS,3.66573,1.227978,SUCCESS,29.017222,1641264.0,1642540,1,cn99,2026-05-25T18:50:23+00:00,2026-05-25T18:51:18+00:00,
fullspec,inline,orig,A,mt_pth,12,SUCCESS,3.70674,1.208528,SUCCESS,29.017222,1641264.0,1642540,1,cn99,2026-05-25T18:50:23+00:00,2026-05-25T18:51:18+00:00,
fullspec,inline,orig,A,mt_pth,13,SUCCESS,3.689672,1.217408,SUCCESS,29.017222,1641264.0,1642540,1,cn99,2026-05-25T18:50:23+00:00,2026-05-25T18:51:18+00:00,
fullspec,inline,orig,A,mt_pth,14,SUCCESS,3.699093,1.220823,SUCCESS,29.017222,1641264.0,1642540,1,cn99,2026-05-25T18:50:23+00:00,2026-05-25T18:51:18+00:00,
fullspec,inline,orig,A,mt_pth,15,SUCCESS,3.725059,1.281431,SUCCESS,29.017222,1641264.0,1642540,1,cn99,2026-05-25T18:50:23+00:00,2026-05-25T18:51:18+00:00,
fullspec,inline,orig,A,mt_pth,16,SUCCESS,3.734997,1.205764,SUCCESS,29.017222,1641264.0,1642540,1,cn99,2026-05-25T18:50:23+00:00,2026-05-25T18:51:18+00:00,
fullspec,inline,orig,A,mt_pth,17,SUCCESS,3.739739,1.19757,SUCCESS,29.017222,1641264.0,1642540,1,cn99,2026-05-25T18:50:23+00:00,2026-05-25T18:51:18+00:00,
fullspec,inline,orig,A,mt_pth,18,SUCCESS,3.668167,1.272085,SUCCESS,29.017222,1641264.0,1642540,1,cn99,2026-05-25T18:50:23+00:00,2026-05-25T18:51:18+00:00,
fullspec,inline,orig,A,mt_pth,19,SUCCESS,3.655611,1.231857,SUCCESS,29.017222,1641264.0,1642540,1,cn99,2026-05-25T18:50:23+00:00,2026-05-25T18:51:18+00:00,
fullspec,inline,orig,A,mt_pth,20,SUCCESS,3.697883,1.217316,SUCCESS,29.017222,1641264.0,1642540,1,cn99,2026-05-25T18:50:23+00:00,2026-05-25T18:51:18+00:00,
fullspec,inline,orig,B,mt_pth,1,SUCCESS,3.694859,5.439192,SUCCESS,33.754428,1641320.0,1642540,9,cn99,2026-05-25T18:55:08+00:00,2026-05-25T18:57:32+00:00,
fullspec,inline,orig,B,mt_pth,2,SUCCESS,3.458234,5.801629,SUCCESS,33.754428,1641320.0,1642540,9,cn99,2026-05-25T18:55:08+00:00,2026-05-25T18:57:32+00:00,
fullspec,inline,orig,B,mt_pth,3,SUCCESS,3.624703,5.548917,SUCCESS,33.754428,1641320.0,1642540,9,cn99,2026-05-25T18:55:08+00:00,2026-05-25T18:57:32+00:00,
fullspec,inline,orig,B,mt_pth,4,SUCCESS,3.69675,5.454931,SUCCESS,33.754428,1641320.0,1642540,9,cn99,2026-05-25T18:55:08+00:00,2026-05-25T18:57:32+00:00,
fullspec,inline,orig,B,mt_pth,5,SUCCESS,3.596881,5.622379,SUCCESS,33.754428,1641320.0,1642540,9,cn99,2026-05-25T18:55:08+00:00,2026-05-25T18:57:32+00:00,
fullspec,inline,orig,B,mt_pth,6,SUCCESS,3.691464,5.449901,SUCCESS,33.754428,1641320.0,1642540,9,cn99,2026-05-25T18:55:08+00:00,2026-05-25T18:57:32+00:00,
fullspec,inline,orig,B,mt_pth,7,SUCCESS,3.660044,5.506183,SUCCESS,33.754428,1641320.0,1642540,9,cn99,2026-05-25T18:55:08+00:00,2026-05-25T18:57:32+00:00,
fullspec,inline,orig,B,mt_pth,8,SUCCESS,3.66438,5.485951,SUCCESS,33.754428,1641320.0,1642540,9,cn99,2026-05-25T18:55:08+00:00,2026-05-25T18:57:32+00:00,
fullspec,inline,orig,B,mt_pth,9,SUCCESS,3.593524,5.587955,SUCCESS,33.754428,1641320.0,1642540,9,cn99,2026-05-25T18:55:08+00:00,2026-05-25T18:57:32+00:00,
fullspec,inline,orig,B,mt_pth,10,SUCCESS,3.656012,5.509356,SUCCESS,33.754428,1641320.0,1642540,9,cn99,2026-05-25T18:55:08+00:00,2026-05-25T18:57:32+00:00,
fullspec,inline,orig,B,mt_pth,11,SUCCESS,3.674241,5.471244,SUCCESS,33.754428,1641320.0,1642540,9,cn99,2026-05-25T18:55:08+00:00,2026-05-25T18:57:32+00:00,
fullspec,inline,orig,B,mt_pth,12,SUCCESS,3.646708,5.511032,SUCCESS,33.754428,1641320.0,1642540,9,cn99,2026-05-25T18:55:08+00:00,2026-05-25T18:57:32+00:00,
fullspec,inline,orig,B,mt_pth,13,SUCCESS,3.670233,5.475171,SUCCESS,33.754428,1641320.0,1642540,9,cn99,2026-05-25T18:55:08+00:00,2026-05-25T18:57:32+00:00,
fullspec,inline,orig,B,mt_pth,14,SUCCESS,3.64044,5.518288,SUCCESS,33.754428,1641320.0,1642540,9,cn99,2026-05-25T18:55:08+00:00,2026-05-25T18:57:32+00:00,
fullspec,inline,orig,B,mt_pth,15,SUCCESS,3.684007,5.467314,SUCCESS,33.754428,1641320.0,1642540,9,cn99,2026-05-25T18:55:08+00:00,2026-05-25T18:57:32+00:00,
fullspec,inline,orig,B,mt_pth,16,SUCCESS,3.670001,5.481343,SUCCESS,33.754428,1641320.0,1642540,9,cn99,2026-05-25T18:55:08+00:00,2026-05-25T18:57:32+00:00,
fullspec,inline,orig,B,mt_pth,17,SUCCESS,3.658504,5.494915,SUCCESS,33.754428,1641320.0,1642540,9,cn99,2026-05-25T18:55:08+00:00,2026-05-25T18:57:32+00:00,
fullspec,inline,orig,B,mt_pth,18,SUCCESS,3.725171,5.404206,SUCCESS,33.754428,1641320.0,1642540,9,cn99,2026-05-25T18:55:08+00:00,2026-05-25T18:57:32+00:00,
fullspec,inline,orig,B,mt_pth,19,SUCCESS,3.736937,5.389871,SUCCESS,33.754428,1641320.0,1642540,9,cn99,2026-05-25T18:55:08+00:00,2026-05-25T18:57:32+00:00,
fullspec,inline,orig,B,mt_pth,20,SUCCESS,3.920871,5.134575,SUCCESS,33.754428,1641320.0,1642540,9,cn99,2026-05-25T18:55:08+00:00,2026-05-25T18:57:32+00:00,
fullspec,inline,orig,C,mt_pth,1,SUCCESS,2.94038,54.107735,SUCCESS,40.381142,1807436.0,1642540,17,cn99,2026-05-25T19:03:58+00:00,2026-05-25T19:25:48+00:00,
fullspec,inline,orig,C,mt_pth,2,SUCCESS,2.91626,54.578783,SUCCESS,40.381142,1807436.0,1642540,17,cn99,2026-05-25T19:03:58+00:00,2026-05-25T19:25:48+00:00,
fullspec,inline,orig,C,mt_pth,3,SUCCESS,2.904601,54.795541,SUCCESS,40.381142,1807436.0,1642540,17,cn99,2026-05-25T19:03:58+00:00,2026-05-25T19:25:48+00:00,
fullspec,inline,orig,C,mt_pth,4,SUCCESS,2.9279,54.466567,SUCCESS,40.381142,1807436.0,1642540,17,cn99,2026-05-25T19:03:58+00:00,2026-05-25T19:25:48+00:00,
fullspec,inline,orig,C,mt_pth,5,SUCCESS,2.914195,54.602123,SUCCESS,40.381142,1807436.0,1642540,17,cn99,2026-05-25T19:03:58+00:00,2026-05-25T19:25:48+00:00,
fullspec,inline,orig,C,mt_pth,6,SUCCESS,2.933267,54.826999,SUCCESS,40.381142,1807436.0,1642540,17,cn99,2026-05-25T19:03:58+00:00,2026-05-25T19:25:48+00:00,
fullspec,inline,orig,C,mt_pth,7,SUCCESS,3.205997,49.711588,SUCCESS,40.381142,1807436.0,1642540,17,cn99,2026-05-25T19:03:58+00:00,2026-05-25T19:25:48+00:00,
fullspec,inline,orig,C,mt_pth,8,SUCCESS,3.30225,48.301214,SUCCESS,40.381142,1807436.0,1642540,17,cn99,2026-05-25T19:03:58+00:00,2026-05-25T19:25:48+00:00,
fullspec,inline,orig,C,mt_pth,9,SUCCESS,2.282892,69.500885,SUCCESS,40.381142,1807436.0,1642540,17,cn99,2026-05-25T19:03:58+00:00,2026-05-25T19:25:48+00:00,
fullspec,inline,orig,C,mt_pth,10,SUCCESS,2.287594,69.535766,SUCCESS,40.381142,1807436.0,1642540,17,cn99,2026-05-25T19:03:58+00:00,2026-05-25T19:25:48+00:00,
fullspec,inline,orig,C,mt_pth,11,SUCCESS,2.237096,70.801738,SUCCESS,40.381142,1807436.0,1642540,17,cn99,2026-05-25T19:03:58+00:00,2026-05-25T19:25:48+00:00,
fullspec,inline,orig,C,mt_pth,12,SUCCESS,2.278371,69.607855,SUCCESS,40.381142,1807436.0,1642540,17,cn99,2026-05-25T19:03:58+00:00,2026-05-25T19:25:48+00:00,
fullspec,inline,orig,C,mt_pth,13,SUCCESS,2.217991,71.413647,SUCCESS,40.381142,1807436.0,1642540,17,cn99,2026-05-25T19:03:58+00:00,2026-05-25T19:25:48+00:00,
fullspec,inline,orig,C,mt_pth,14,SUCCESS,2.27267,69.744523,SUCCESS,40.381142,1807436.0,1642540,17,cn99,2026-05-25T19:03:58+00:00,2026-05-25T19:25:48+00:00,
fullspec,inline,orig,C,mt_pth,15,SUCCESS,2.218801,71.861237,SUCCESS,40.381142,1807436.0,1642540,17,cn99,2026-05-25T19:03:58+00:00,2026-05-25T19:25:48+00:00,
fullspec,inline,orig,C,mt_pth,16,SUCCESS,2.26676,69.963131,SUCCESS,40.381142,1807436.0,1642540,17,cn99,2026-05-25T19:03:58+00:00,2026-05-25T19:25:48+00:00,
fullspec,inline,orig,C,mt_pth,17,SUCCESS,2.249161,70.412449,SUCCESS,40.381142,1807436.0,1642540,17,cn99,2026-05-25T19:03:58+00:00,2026-05-25T19:25:48+00:00,
fullspec,inline,orig,C,mt_pth,18,SUCCESS,2.281809,69.493327,SUCCESS,40.381142,1807436.0,1642540,17,cn99,2026-05-25T19:03:58+00:00,2026-05-25T19:25:48+00:00,
fullspec,inline,orig,C,mt_pth,19,SUCCESS,2.239282,70.827554,SUCCESS,40.381142,1807436.0,1642540,17,cn99,2026-05-25T19:03:58+00:00,2026-05-25T19:25:48+00:00,
fullspec,inline,orig,C,mt_pth,20,SUCCESS,2.294821,69.160329,SUCCESS,40.381142,1807436.0,1642540,17,cn99,2026-05-25T19:03:58+00:00,2026-05-25T19:25:48+00:00,
fullspec,noinline,new,A,mt_pth,1,SUCCESS,1.862783,2.267906,SUCCESS,31.136761,1576736.0,1642540,2,cn99,2026-05-25T18:51:19+00:00,2026-05-25T18:52:36+00:00,
fullspec,noinline,new,A,mt_pth,2,SUCCESS,1.85892,2.265487,SUCCESS,31.136761,1576736.0,1642540,2,cn99,2026-05-25T18:51:19+00:00,2026-05-25T18:52:36+00:00,
fullspec,noinline,new,A,mt_pth,3,SUCCESS,1.857689,2.275019,SUCCESS,31.136761,1576736.0,1642540,2,cn99,2026-05-25T18:51:19+00:00,2026-05-25T18:52:36+00:00,
fullspec,noinline,new,A,mt_pth,4,SUCCESS,1.857897,2.324558,SUCCESS,31.136761,1576736.0,1642540,2,cn99,2026-05-25T18:51:19+00:00,2026-05-25T18:52:36+00:00,
fullspec,noinline,new,A,mt_pth,5,SUCCESS,1.855763,2.267282,SUCCESS,31.136761,1576736.0,1642540,2,cn99,2026-05-25T18:51:19+00:00,2026-05-25T18:52:36+00:00,
fullspec,noinline,new,A,mt_pth,6,SUCCESS,1.852443,2.267686,SUCCESS,31.136761,1576736.0,1642540,2,cn99,2026-05-25T18:51:19+00:00,2026-05-25T18:52:36+00:00,
fullspec,noinline,new,A,mt_pth,7,SUCCESS,1.850144,2.27983,SUCCESS,31.136761,1576736.0,1642540,2,cn99,2026-05-25T18:51:19+00:00,2026-05-25T18:52:36+00:00,
fullspec,noinline,new,A,mt_pth,8,SUCCESS,1.852755,2.272949,SUCCESS,31.136761,1576736.0,1642540,2,cn99,2026-05-25T18:51:19+00:00,2026-05-25T18:52:36+00:00,
fullspec,noinline,new,A,mt_pth,9,SUCCESS,1.850963,2.274996,SUCCESS,31.136761,1576736.0,1642540,2,cn99,2026-05-25T18:51:19+00:00,2026-05-25T18:52:36+00:00,
fullspec,noinline,new,A,mt_pth,10,SUCCESS,1.855849,2.265905,SUCCESS,31.136761,1576736.0,1642540,2,cn99,2026-05-25T18:51:19+00:00,2026-05-25T18:52:36+00:00,
fullspec,noinline,new,A,mt_pth,11,SUCCESS,1.846358,2.328115,SUCCESS,31.136761,1576736.0,1642540,2,cn99,2026-05-25T18:51:19+00:00,2026-05-25T18:52:36+00:00,
fullspec,noinline,new,A,mt_pth,12,SUCCESS,1.847981,2.279999,SUCCESS,31.136761,1576736.0,1642540,2,cn99,2026-05-25T18:51:19+00:00,2026-05-25T18:52:36+00:00,
fullspec,noinline,new,A,mt_pth,13,SUCCESS,1.846277,2.283112,SUCCESS,31.136761,1576736.0,1642540,2,cn99,2026-05-25T18:51:19+00:00,2026-05-25T18:52:36+00:00,
fullspec,noinline,new,A,mt_pth,14,SUCCESS,1.852561,2.278708,SUCCESS,31.136761,1576736.0,1642540,2,cn99,2026-05-25T18:51:19+00:00,2026-05-25T18:52:36+00:00,
fullspec,noinline,new,A,mt_pth,15,SUCCESS,1.856096,2.266218,SUCCESS,31.136761,1576736.0,1642540,2,cn99,2026-05-25T18:51:19+00:00,2026-05-25T18:52:36+00:00,
fullspec,noinline,new,A,mt_pth,16,SUCCESS,1.852141,2.279068,SUCCESS,31.136761,1576736.0,1642540,2,cn99,2026-05-25T18:51:19+00:00,2026-05-25T18:52:36+00:00,
fullspec,noinline,new,A,mt_pth,17,SUCCESS,1.8567,2.268014,SUCCESS,31.136761,1576736.0,1642540,2,cn99,2026-05-25T18:51:19+00:00,2026-05-25T18:52:36+00:00,
fullspec,noinline,new,A,mt_pth,18,SUCCESS,1.856577,2.272787,SUCCESS,31.136761,1576736.0,1642540,2,cn99,2026-05-25T18:51:19+00:00,2026-05-25T18:52:36+00:00,
fullspec,noinline,new,A,mt_pth,19,SUCCESS,1.782006,2.376079,SUCCESS,31.136761,1576736.0,1642540,2,cn99,2026-05-25T18:51:19+00:00,2026-05-25T18:52:36+00:00,
fullspec,noinline,new,A,mt_pth,20,SUCCESS,1.856774,2.276449,SUCCESS,31.136761,1576736.0,1642540,2,cn99,2026-05-25T18:51:19+00:00,2026-05-25T18:52:36+00:00,
fullspec,noinline,new,B,mt_pth,1,SUCCESS,1.987252,9.982396,SUCCESS,58.206027,1576992.0,1642540,10,cn99,2026-05-25T18:56:37+00:00,2026-05-25T19:01:44+00:00,
fullspec,noinline,new,B,mt_pth,2,SUCCESS,1.979656,10.010979,SUCCESS,58.206027,1576992.0,1642540,10,cn99,2026-05-25T18:56:37+00:00,2026-05-25T19:01:44+00:00,
fullspec,noinline,new,B,mt_pth,3,SUCCESS,1.813511,10.946525,SUCCESS,58.206027,1576992.0,1642540,10,cn99,2026-05-25T18:56:37+00:00,2026-05-25T19:01:44+00:00,
fullspec,noinline,new,B,mt_pth,4,SUCCESS,1.519385,13.05171,SUCCESS,58.206027,1576992.0,1642540,10,cn99,2026-05-25T18:56:37+00:00,2026-05-25T19:01:44+00:00,
fullspec,noinline,new,B,mt_pth,5,SUCCESS,1.5528,12.759058,SUCCESS,58.206027,1576992.0,1642540,10,cn99,2026-05-25T18:56:37+00:00,2026-05-25T19:01:44+00:00,
fullspec,noinline,new,B,mt_pth,6,SUCCESS,1.567778,12.628202,SUCCESS,58.206027,1576992.0,1642540,10,cn99,2026-05-25T18:56:37+00:00,2026-05-25T19:01:44+00:00,
fullspec,noinline,new,B,mt_pth,7,SUCCESS,1.557209,12.709056,SUCCESS,58.206027,1576992.0,1642540,10,cn99,2026-05-25T18:56:37+00:00,2026-05-25T19:01:44+00:00,
fullspec,noinline,new,B,mt_pth,8,SUCCESS,1.530956,12.939823,SUCCESS,58.206027,1576992.0,1642540,10,cn99,2026-05-25T18:56:37+00:00,2026-05-25T19:01:44+00:00,
fullspec,noinline,new,B,mt_pth,9,SUCCESS,1.512142,13.083436,SUCCESS,58.206027,1576992.0,1642540,10,cn99,2026-05-25T18:56:37+00:00,2026-05-25T19:01:44+00:00,
fullspec,noinline,new,B,mt_pth,10,SUCCESS,1.558488,12.758843,SUCCESS,58.206027,1576992.0,1642540,10,cn99,2026-05-25T18:56:37+00:00,2026-05-25T19:01:44+00:00,
fullspec,noinline,new,B,mt_pth,11,SUCCESS,1.544164,12.827915,SUCCESS,58.206027,1576992.0,1642540,10,cn99,2026-05-25T18:56:37+00:00,2026-05-25T19:01:44+00:00,
fullspec,noinline,new,B,mt_pth,12,SUCCESS,1.586999,12.480379,SUCCESS,58.206027,1576992.0,1642540,10,cn99,2026-05-25T18:56:37+00:00,2026-05-25T19:01:44+00:00,
fullspec,noinline,new,B,mt_pth,13,SUCCESS,1.600131,12.414809,SUCCESS,58.206027,1576992.0,1642540,10,cn99,2026-05-25T18:56:37+00:00,2026-05-25T19:01:44+00:00,
fullspec,noinline,new,B,mt_pth,14,SUCCESS,1.514743,13.06992,SUCCESS,58.206027,1576992.0,1642540,10,cn99,2026-05-25T18:56:37+00:00,2026-05-25T19:01:44+00:00,
fullspec,noinline,new,B,mt_pth,15,SUCCESS,1.542391,12.832938,SUCCESS,58.206027,1576992.0,1642540,10,cn99,2026-05-25T18:56:37+00:00,2026-05-25T19:01:44+00:00,
fullspec,noinline,new,B,mt_pth,16,SUCCESS,1.562282,12.679598,SUCCESS,58.206027,1576992.0,1642540,10,cn99,2026-05-25T18:56:37+00:00,2026-05-25T19:01:44+00:00,
fullspec,noinline,new,B,mt_pth,17,SUCCESS,1.597103,12.392914,SUCCESS,58.206027,1576992.0,1642540,10,cn99,2026-05-25T18:56:37+00:00,2026-05-25T19:01:44+00:00,
fullspec,noinline,new,B,mt_pth,18,SUCCESS,1.515163,13.087842,SUCCESS,58.206027,1576992.0,1642540,10,cn99,2026-05-25T18:56:37+00:00,2026-05-25T19:01:44+00:00,
fullspec,noinline,new,B,mt_pth,19,SUCCESS,1.539105,12.868153,SUCCESS,58.206027,1576992.0,1642540,10,cn99,2026-05-25T18:56:37+00:00,2026-05-25T19:01:44+00:00,
fullspec,noinline,new,B,mt_pth,20,SUCCESS,1.557555,12.714018,SUCCESS,58.206027,1576992.0,1642540,10,cn99,2026-05-25T18:56:37+00:00,2026-05-25T19:01:44+00:00,
fullspec,noinline,new,C,mt_pth,1,SUCCESS,1.181751,133.060364,,,,1642540,18,cn99,2026-05-25T19:10:17+00:00,,
fullspec,noinline,new,C,mt_pth,2,SUCCESS,1.185412,132.85529,,,,1642540,18,cn99,2026-05-25T19:10:17+00:00,,
fullspec,noinline,new,C,mt_pth,3,SUCCESS,1.202033,131.053027,,,,1642540,18,cn99,2026-05-25T19:10:17+00:00,,
fullspec,noinline,new,C,mt_pth,4,SUCCESS,1.202445,131.054151,,,,1642540,18,cn99,2026-05-25T19:10:17+00:00,,
fullspec,noinline,new,C,mt_pth,5,SUCCESS,1.18242,133.182095,,,,1642540,18,cn99,2026-05-25T19:10:17+00:00,,
fullspec,noinline,new,C,mt_pth,6,SUCCESS,1.179709,133.542338,,,,1642540,18,cn99,2026-05-25T19:10:17+00:00,,
fullspec,noinline,new,C,mt_pth,7,SUCCESS,1.416651,111.445568,,,,1642540,18,cn99,2026-05-25T19:10:17+00:00,,
fullspec,noinline,new,C,mt_pth,8,SUCCESS,1.566024,100.764635,,,,1642540,18,cn99,2026-05-25T19:10:17+00:00,,
fullspec,noinline,new,C,mt_pth,9,SUCCESS,1.552636,101.437186,,,,1642540,18,cn99,2026-05-25T19:10:17+00:00,,
fullspec,noinline,new,C,mt_pth,10,SUCCESS,1.540908,102.20121,,,,1642540,18,cn99,2026-05-25T19:10:17+00:00,,
fullspec,noinline,new,C,mt_pth,11,SUCCESS,1.568367,101.150783,,,,1642540,18,cn99,2026-05-25T19:10:17+00:00,,
fullspec,noinline,new,C,mt_pth,12,SUCCESS,1.539833,102.360098,,,,1642540,18,cn99,2026-05-25T19:10:17+00:00,,
fullspec,noinline,new,C,mt_pth,13,SUCCESS,1.526467,103.155773,,,,1642540,18,cn99,2026-05-25T19:10:17+00:00,,
fullspec,noinline,new,C,mt_pth,14,SUCCESS,1.555106,101.298097,,,,1642540,18,cn99,2026-05-25T19:10:17+00:00,,
fullspec,noinline,new,C,mt_pth,15,SUCCESS,1.55108,101.535327,,,,1642540,18,cn99,2026-05-25T19:10:17+00:00,,
fullspec,noinline,orig,A,mt_pth,1,SUCCESS,1.817385,2.3133,SUCCESS,30.373941,1555776.0,1642540,3,cn99,2026-05-25T18:52:38+00:00,2026-05-25T18:53:55+00:00,
fullspec,noinline,orig,A,mt_pth,2,SUCCESS,1.834699,2.29974,SUCCESS,30.373941,1555776.0,1642540,3,cn99,2026-05-25T18:52:38+00:00,2026-05-25T18:53:55+00:00,
fullspec,noinline,orig,A,mt_pth,3,SUCCESS,1.765944,2.3963,SUCCESS,30.373941,1555776.0,1642540,3,cn99,2026-05-25T18:52:38+00:00,2026-05-25T18:53:55+00:00,
fullspec,noinline,orig,A,mt_pth,4,SUCCESS,1.830895,2.297961,SUCCESS,30.373941,1555776.0,1642540,3,cn99,2026-05-25T18:52:38+00:00,2026-05-25T18:53:55+00:00,
fullspec,noinline,orig,A,mt_pth,5,SUCCESS,1.764652,2.396913,SUCCESS,30.373941,1555776.0,1642540,3,cn99,2026-05-25T18:52:38+00:00,2026-05-25T18:53:55+00:00,
fullspec,noinline,orig,A,mt_pth,6,SUCCESS,1.834338,2.288229,SUCCESS,30.373941,1555776.0,1642540,3,cn99,2026-05-25T18:52:38+00:00,2026-05-25T18:53:55+00:00,
fullspec,noinline,orig,A,mt_pth,7,SUCCESS,1.8306,2.30447,SUCCESS,30.373941,1555776.0,1642540,3,cn99,2026-05-25T18:52:38+00:00,2026-05-25T18:53:55+00:00,
fullspec,noinline,orig,A,mt_pth,8,SUCCESS,1.829113,2.295802,SUCCESS,30.373941,1555776.0,1642540,3,cn99,2026-05-25T18:52:38+00:00,2026-05-25T18:53:55+00:00,
fullspec,noinline,orig,A,mt_pth,9,SUCCESS,1.827156,2.296345,SUCCESS,30.373941,1555776.0,1642540,3,cn99,2026-05-25T18:52:38+00:00,2026-05-25T18:53:55+00:00,
fullspec,noinline,orig,A,mt_pth,10,SUCCESS,1.822014,2.313593,SUCCESS,30.373941,1555776.0,1642540,3,cn99,2026-05-25T18:52:38+00:00,2026-05-25T18:53:55+00:00,
fullspec,noinline,orig,A,mt_pth,11,SUCCESS,1.831261,2.289202,SUCCESS,30.373941,1555776.0,1642540,3,cn99,2026-05-25T18:52:38+00:00,2026-05-25T18:53:55+00:00,
fullspec,noinline,orig,A,mt_pth,12,SUCCESS,1.828692,2.297345,SUCCESS,30.373941,1555776.0,1642540,3,cn99,2026-05-25T18:52:38+00:00,2026-05-25T18:53:55+00:00,
fullspec,noinline,orig,A,mt_pth,13,SUCCESS,1.827592,2.312014,SUCCESS,30.373941,1555776.0,1642540,3,cn99,2026-05-25T18:52:38+00:00,2026-05-25T18:53:55+00:00,
fullspec,noinline,orig,A,mt_pth,14,SUCCESS,1.828277,2.301401,SUCCESS,30.373941,1555776.0,1642540,3,cn99,2026-05-25T18:52:38+00:00,2026-05-25T18:53:55+00:00,
fullspec,noinline,orig,A,mt_pth,15,SUCCESS,1.823355,2.305304,SUCCESS,30.373941,1555776.0,1642540,3,cn99,2026-05-25T18:52:38+00:00,2026-05-25T18:53:55+00:00,
fullspec,noinline,orig,A,mt_pth,16,SUCCESS,1.826318,2.303574,SUCCESS,30.373941,1555776.0,1642540,3,cn99,2026-05-25T18:52:38+00:00,2026-05-25T18:53:55+00:00,
fullspec,noinline,orig,A,mt_pth,17,SUCCESS,1.829092,2.297549,SUCCESS,30.373941,1555776.0,1642540,3,cn99,2026-05-25T18:52:38+00:00,2026-05-25T18:53:55+00:00,
fullspec,noinline,orig,A,mt_pth,18,SUCCESS,1.823404,2.316892,SUCCESS,30.373941,1555776.0,1642540,3,cn99,2026-05-25T18:52:38+00:00,2026-05-25T18:53:55+00:00,
fullspec,noinline,orig,A,mt_pth,19,SUCCESS,1.799969,2.388077,SUCCESS,30.373941,1555776.0,1642540,3,cn99,2026-05-25T18:52:38+00:00,2026-05-25T18:53:55+00:00,
fullspec,noinline,orig,A,mt_pth,20,SUCCESS,1.806858,2.330953,SUCCESS,30.373941,1555776.0,1642540,3,cn99,2026-05-25T18:52:38+00:00,2026-05-25T18:53:55+00:00,
fullspec,noinline,orig,B,mt_pth,1,SUCCESS,1.410608,14.029081,SUCCESS,42.018706,1555540.0,1642540,11,cn99,2026-05-25T18:57:20+00:00,2026-05-25T19:02:23+00:00,
fullspec,noinline,orig,B,mt_pth,2,SUCCESS,1.478898,13.381506,SUCCESS,42.018706,1555540.0,1642540,11,cn99,2026-05-25T18:57:20+00:00,2026-05-25T19:02:23+00:00,
fullspec,noinline,orig,B,mt_pth,3,SUCCESS,1.485535,13.326426,SUCCESS,42.018706,1555540.0,1642540,11,cn99,2026-05-25T18:57:20+00:00,2026-05-25T19:02:23+00:00,
fullspec,noinline,orig,B,mt_pth,4,SUCCESS,1.474433,13.438519,SUCCESS,42.018706,1555540.0,1642540,11,cn99,2026-05-25T18:57:20+00:00,2026-05-25T19:02:23+00:00,
fullspec,noinline,orig,B,mt_pth,5,SUCCESS,1.364567,14.478317,SUCCESS,42.018706,1555540.0,1642540,11,cn99,2026-05-25T18:57:20+00:00,2026-05-25T19:02:23+00:00,
fullspec,noinline,orig,B,mt_pth,6,SUCCESS,1.485568,13.302087,SUCCESS,42.018706,1555540.0,1642540,11,cn99,2026-05-25T18:57:20+00:00,2026-05-25T19:02:23+00:00,
fullspec,noinline,orig,B,mt_pth,7,SUCCESS,1.489252,13.299122,SUCCESS,42.018706,1555540.0,1642540,11,cn99,2026-05-25T18:57:20+00:00,2026-05-25T19:02:23+00:00,
fullspec,noinline,orig,B,mt_pth,8,SUCCESS,1.500488,13.184104,SUCCESS,42.018706,1555540.0,1642540,11,cn99,2026-05-25T18:57:20+00:00,2026-05-25T19:02:23+00:00,
fullspec,noinline,orig,B,mt_pth,9,SUCCESS,1.506837,13.129433,SUCCESS,42.018706,1555540.0,1642540,11,cn99,2026-05-25T18:57:20+00:00,2026-05-25T19:02:23+00:00,
fullspec,noinline,orig,B,mt_pth,10,SUCCESS,1.44328,13.741031,SUCCESS,42.018706,1555540.0,1642540,11,cn99,2026-05-25T18:57:20+00:00,2026-05-25T19:02:23+00:00,
fullspec,noinline,orig,B,mt_pth,11,SUCCESS,1.516089,13.050701,SUCCESS,42.018706,1555540.0,1642540,11,cn99,2026-05-25T18:57:20+00:00,2026-05-25T19:02:23+00:00,
fullspec,noinline,orig,B,mt_pth,12,SUCCESS,1.531541,12.923449,SUCCESS,42.018706,1555540.0,1642540,11,cn99,2026-05-25T18:57:20+00:00,2026-05-25T19:02:23+00:00,
fullspec,noinline,orig,B,mt_pth,13,SUCCESS,1.498077,13.272686,SUCCESS,42.018706,1555540.0,1642540,11,cn99,2026-05-25T18:57:20+00:00,2026-05-25T19:02:23+00:00,
fullspec,noinline,orig,B,mt_pth,14,SUCCESS,1.367706,14.430123,SUCCESS,42.018706,1555540.0,1642540,11,cn99,2026-05-25T18:57:20+00:00,2026-05-25T19:02:23+00:00,
fullspec,noinline,orig,B,mt_pth,15,SUCCESS,1.447314,13.671261,SUCCESS,42.018706,1555540.0,1642540,11,cn99,2026-05-25T18:57:20+00:00,2026-05-25T19:02:23+00:00,
fullspec,noinline,orig,B,mt_pth,16,SUCCESS,1.486042,13.296466,SUCCESS,42.018706,1555540.0,1642540,11,cn99,2026-05-25T18:57:20+00:00,2026-05-25T19:02:23+00:00,
fullspec,noinline,orig,B,mt_pth,17,SUCCESS,1.699178,11.644933,SUCCESS,42.018706,1555540.0,1642540,11,cn99,2026-05-25T18:57:20+00:00,2026-05-25T19:02:23+00:00,
fullspec,noinline,orig,B,mt_pth,18,SUCCESS,1.943376,10.205616,SUCCESS,42.018706,1555540.0,1642540,11,cn99,2026-05-25T18:57:20+00:00,2026-05-25T19:02:23+00:00,
fullspec,noinline,orig,B,mt_pth,19,SUCCESS,1.887169,10.490728,SUCCESS,42.018706,1555540.0,1642540,11,cn99,2026-05-25T18:57:20+00:00,2026-05-25T19:02:23+00:00,
fullspec,noinline,orig,B,mt_pth,20,SUCCESS,1.720006,11.519864,SUCCESS,42.018706,1555540.0,1642540,11,cn99,2026-05-25T18:57:20+00:00,2026-05-25T19:02:23+00:00,
fullspec,noinline,orig,C,mt_pth,1,SUCCESS,1.182301,133.077806,,,,1642540,19,cn99,2026-05-25T19:17:53+00:00,,
fullspec,noinline,orig,C,mt_pth,2,SUCCESS,1.449691,109.030684,,,,1642540,19,cn99,2026-05-25T19:17:53+00:00,,
fullspec,noinline,orig,C,mt_pth,3,SUCCESS,1.201826,130.967426,,,,1642540,19,cn99,2026-05-25T19:17:53+00:00,,
fullspec,noinline,orig,C,mt_pth,4,SUCCESS,1.202319,130.950831,,,,1642540,19,cn99,2026-05-25T19:17:53+00:00,,
fullspec,noinline,orig,C,mt_pth,5,SUCCESS,1.215339,129.693026,,,,1642540,19,cn99,2026-05-25T19:17:53+00:00,,
fullspec,noinline,orig,C,mt_pth,6,SUCCESS,1.21128,129.86508,,,,1642540,19,cn99,2026-05-25T19:17:53+00:00,,
fullspec,noinline,orig,C,mt_pth,7,SUCCESS,1.181859,133.007997,,,,1642540,19,cn99,2026-05-25T19:17:53+00:00,,
fullspec,noinline,orig,C,mt_pth,8,SUCCESS,1.239072,127.155921,,,,1642540,19,cn99,2026-05-25T19:17:53+00:00,,
fullspec,noinline,orig,C,mt_pth,9,SUCCESS,1.196791,131.681466,,,,1642540,19,cn99,2026-05-25T19:17:53+00:00,,
fullspec,noinline,orig,C,mt_pth,10,SUCCESS,1.22631,128.52883,,,,1642540,19,cn99,2026-05-25T19:17:53+00:00,,
fullspec,noinline,orig,C,mt_pth,11,SUCCESS,1.214146,129.801852,,,,1642540,19,cn99,2026-05-25T19:17:53+00:00,,
fullspec,noinline,orig,C,mt_pth,12,SUCCESS,1.189983,132.358459,,,,1642540,19,cn99,2026-05-25T19:17:53+00:00,,
fullspec,noinline,orig,C,mt_pth,13,SUCCESS,1.38158,113.899405,,,,1642540,19,cn99,2026-05-25T19:17:53+00:00,,
nospec,inline,new,A,mt_pth,1,SUCCESS,3.254141,1.371502,SUCCESS,24.274604,1068160.0,1642540,4,cn99,2026-05-25T18:53:50+00:00,2026-05-25T18:54:44+00:00,
nospec,inline,new,A,mt_pth,2,SUCCESS,2.811946,1.561331,SUCCESS,24.274604,1068160.0,1642540,4,cn99,2026-05-25T18:53:50+00:00,2026-05-25T18:54:44+00:00,
nospec,inline,new,A,mt_pth,3,SUCCESS,3.320597,1.337677,SUCCESS,24.274604,1068160.0,1642540,4,cn99,2026-05-25T18:53:50+00:00,2026-05-25T18:54:44+00:00,
nospec,inline,new,A,mt_pth,4,SUCCESS,3.190349,1.401032,SUCCESS,24.274604,1068160.0,1642540,4,cn99,2026-05-25T18:53:50+00:00,2026-05-25T18:54:44+00:00,
nospec,inline,new,A,mt_pth,5,SUCCESS,3.176477,1.388432,SUCCESS,24.274604,1068160.0,1642540,4,cn99,2026-05-25T18:53:50+00:00,2026-05-25T18:54:44+00:00,
nospec,inline,new,A,mt_pth,6,SUCCESS,3.324516,1.34642,SUCCESS,24.274604,1068160.0,1642540,4,cn99,2026-05-25T18:53:50+00:00,2026-05-25T18:54:44+00:00,
nospec,inline,new,A,mt_pth,7,SUCCESS,3.330589,1.407206,SUCCESS,24.274604,1068160.0,1642540,4,cn99,2026-05-25T18:53:50+00:00,2026-05-25T18:54:44+00:00,
nospec,inline,new,A,mt_pth,8,SUCCESS,3.321042,1.334303,SUCCESS,24.274604,1068160.0,1642540,4,cn99,2026-05-25T18:53:50+00:00,2026-05-25T18:54:44+00:00,
nospec,inline,new,A,mt_pth,9,SUCCESS,3.280296,1.347116,SUCCESS,24.274604,1068160.0,1642540,4,cn99,2026-05-25T18:53:50+00:00,2026-05-25T18:54:44+00:00,
nospec,inline,new,A,mt_pth,10,SUCCESS,2.871709,1.531267,SUCCESS,24.274604,1068160.0,1642540,4,cn99,2026-05-25T18:53:50+00:00,2026-05-25T18:54:44+00:00,
nospec,inline,new,A,mt_pth,11,SUCCESS,3.102762,1.420488,SUCCESS,24.274604,1068160.0,1642540,4,cn99,2026-05-25T18:53:50+00:00,2026-05-25T18:54:44+00:00,
nospec,inline,new,A,mt_pth,12,SUCCESS,3.136669,1.421797,SUCCESS,24.274604,1068160.0,1642540,4,cn99,2026-05-25T18:53:50+00:00,2026-05-25T18:54:44+00:00,
nospec,inline,new,A,mt_pth,13,SUCCESS,3.21119,1.435842,SUCCESS,24.274604,1068160.0,1642540,4,cn99,2026-05-25T18:53:50+00:00,2026-05-25T18:54:44+00:00,
nospec,inline,new,A,mt_pth,14,SUCCESS,3.186759,1.384485,SUCCESS,24.274604,1068160.0,1642540,4,cn99,2026-05-25T18:53:50+00:00,2026-05-25T18:54:44+00:00,
nospec,inline,new,A,mt_pth,15,SUCCESS,3.173579,1.392572,SUCCESS,24.274604,1068160.0,1642540,4,cn99,2026-05-25T18:53:50+00:00,2026-05-25T18:54:44+00:00,
nospec,inline,new,A,mt_pth,16,SUCCESS,3.167369,1.403881,SUCCESS,24.274604,1068160.0,1642540,4,cn99,2026-05-25T18:53:50+00:00,2026-05-25T18:54:44+00:00,
nospec,inline,new,A,mt_pth,17,SUCCESS,2.954464,1.487513,SUCCESS,24.274604,1068160.0,1642540,4,cn99,2026-05-25T18:53:50+00:00,2026-05-25T18:54:44+00:00,
nospec,inline,new,A,mt_pth,18,SUCCESS,3.231157,1.389198,SUCCESS,24.274604,1068160.0,1642540,4,cn99,2026-05-25T18:53:50+00:00,2026-05-25T18:54:44+00:00,
nospec,inline,new,A,mt_pth,19,SUCCESS,3.379726,1.309955,SUCCESS,24.274604,1068160.0,1642540,4,cn99,2026-05-25T18:53:50+00:00,2026-05-25T18:54:44+00:00,
nospec,inline,new,A,mt_pth,20,SUCCESS,3.165681,1.39587,SUCCESS,24.274604,1068160.0,1642540,4,cn99,2026-05-25T18:53:50+00:00,2026-05-25T18:54:44+00:00,
nospec,inline,new,B,mt_pth,1,SUCCESS,3.571908,5.648875,SUCCESS,23.95473,1068048.0,1642540,12,cn99,2026-05-25T18:57:30+00:00,2026-05-25T18:59:49+00:00,
nospec,inline,new,B,mt_pth,2,SUCCESS,3.54361,5.659672,SUCCESS,23.95473,1068048.0,1642540,12,cn99,2026-05-25T18:57:30+00:00,2026-05-25T18:59:49+00:00,
nospec,inline,new,B,mt_pth,3,SUCCESS,3.544514,5.658225,SUCCESS,23.95473,1068048.0,1642540,12,cn99,2026-05-25T18:57:30+00:00,2026-05-25T18:59:49+00:00,
nospec,inline,new,B,mt_pth,4,SUCCESS,3.518563,5.721439,SUCCESS,23.95473,1068048.0,1642540,12,cn99,2026-05-25T18:57:30+00:00,2026-05-25T18:59:49+00:00,
nospec,inline,new,B,mt_pth,5,SUCCESS,3.585518,5.634835,SUCCESS,23.95473,1068048.0,1642540,12,cn99,2026-05-25T18:57:30+00:00,2026-05-25T18:59:49+00:00,
nospec,inline,new,B,mt_pth,6,SUCCESS,3.426132,5.907037,SUCCESS,23.95473,1068048.0,1642540,12,cn99,2026-05-25T18:57:30+00:00,2026-05-25T18:59:49+00:00,
nospec,inline,new,B,mt_pth,7,SUCCESS,3.4403,5.824234,SUCCESS,23.95473,1068048.0,1642540,12,cn99,2026-05-25T18:57:30+00:00,2026-05-25T18:59:49+00:00,
nospec,inline,new,B,mt_pth,8,SUCCESS,3.394322,5.918522,SUCCESS,23.95473,1068048.0,1642540,12,cn99,2026-05-25T18:57:30+00:00,2026-05-25T18:59:49+00:00,
nospec,inline,new,B,mt_pth,9,SUCCESS,3.460372,5.823795,SUCCESS,23.95473,1068048.0,1642540,12,cn99,2026-05-25T18:57:30+00:00,2026-05-25T18:59:49+00:00,
nospec,inline,new,B,mt_pth,10,SUCCESS,3.405116,5.900132,SUCCESS,23.95473,1068048.0,1642540,12,cn99,2026-05-25T18:57:30+00:00,2026-05-25T18:59:49+00:00,
nospec,inline,new,B,mt_pth,11,SUCCESS,3.527772,5.687881,SUCCESS,23.95473,1068048.0,1642540,12,cn99,2026-05-25T18:57:30+00:00,2026-05-25T18:59:49+00:00,
nospec,inline,new,B,mt_pth,12,SUCCESS,3.568622,5.619484,SUCCESS,23.95473,1068048.0,1642540,12,cn99,2026-05-25T18:57:30+00:00,2026-05-25T18:59:49+00:00,
nospec,inline,new,B,mt_pth,13,SUCCESS,3.557523,5.667858,SUCCESS,23.95473,1068048.0,1642540,12,cn99,2026-05-25T18:57:30+00:00,2026-05-25T18:59:49+00:00,
nospec,inline,new,B,mt_pth,14,SUCCESS,3.55774,5.660197,SUCCESS,23.95473,1068048.0,1642540,12,cn99,2026-05-25T18:57:30+00:00,2026-05-25T18:59:49+00:00,
nospec,inline,new,B,mt_pth,15,SUCCESS,3.518016,5.702985,SUCCESS,23.95473,1068048.0,1642540,12,cn99,2026-05-25T18:57:30+00:00,2026-05-25T18:59:49+00:00,
nospec,inline,new,B,mt_pth,16,SUCCESS,3.549692,5.67908,SUCCESS,23.95473,1068048.0,1642540,12,cn99,2026-05-25T18:57:30+00:00,2026-05-25T18:59:49+00:00,
nospec,inline,new,B,mt_pth,17,SUCCESS,3.543289,5.72805,SUCCESS,23.95473,1068048.0,1642540,12,cn99,2026-05-25T18:57:30+00:00,2026-05-25T18:59:49+00:00,
nospec,inline,new,B,mt_pth,18,SUCCESS,3.57485,5.614246,SUCCESS,23.95473,1068048.0,1642540,12,cn99,2026-05-25T18:57:30+00:00,2026-05-25T18:59:49+00:00,
nospec,inline,new,B,mt_pth,19,SUCCESS,3.558025,5.643731,SUCCESS,23.95473,1068048.0,1642540,12,cn99,2026-05-25T18:57:30+00:00,2026-05-25T18:59:49+00:00,
nospec,inline,new,B,mt_pth,20,SUCCESS,3.526828,5.690541,SUCCESS,23.95473,1068048.0,1642540,12,cn99,2026-05-25T18:57:30+00:00,2026-05-25T18:59:49+00:00,
nospec,inline,new,C,mt_pth,1,SUCCESS,2.156851,73.355453,SUCCESS,47.741099,1119784.0,1642540,20,cn99,2026-05-25T19:21:42+00:00,2026-05-25T19:46:19+00:00,
nospec,inline,new,C,mt_pth,2,SUCCESS,2.182499,72.535584,SUCCESS,47.741099,1119784.0,1642540,20,cn99,2026-05-25T19:21:42+00:00,2026-05-25T19:46:19+00:00,
nospec,inline,new,C,mt_pth,3,SUCCESS,2.200409,71.985556,SUCCESS,47.741099,1119784.0,1642540,20,cn99,2026-05-25T19:21:42+00:00,2026-05-25T19:46:19+00:00,
nospec,inline,new,C,mt_pth,4,SUCCESS,2.21045,71.63404,SUCCESS,47.741099,1119784.0,1642540,20,cn99,2026-05-25T19:21:42+00:00,2026-05-25T19:46:19+00:00,
nospec,inline,new,C,mt_pth,5,SUCCESS,2.212919,71.615391,SUCCESS,47.741099,1119784.0,1642540,20,cn99,2026-05-25T19:21:42+00:00,2026-05-25T19:46:19+00:00,
nospec,inline,new,C,mt_pth,6,SUCCESS,2.204415,72.1027,SUCCESS,47.741099,1119784.0,1642540,20,cn99,2026-05-25T19:21:42+00:00,2026-05-25T19:46:19+00:00,
nospec,inline,new,C,mt_pth,7,SUCCESS,2.267061,70.166286,SUCCESS,47.741099,1119784.0,1642540,20,cn99,2026-05-25T19:21:42+00:00,2026-05-25T19:46:19+00:00,
nospec,inline,new,C,mt_pth,8,SUCCESS,2.197804,72.165496,SUCCESS,47.741099,1119784.0,1642540,20,cn99,2026-05-25T19:21:42+00:00,2026-05-25T19:46:19+00:00,
nospec,inline,new,C,mt_pth,9,SUCCESS,2.250587,70.821795,SUCCESS,47.741099,1119784.0,1642540,20,cn99,2026-05-25T19:21:42+00:00,2026-05-25T19:46:19+00:00,
nospec,inline,new,C,mt_pth,10,SUCCESS,2.273146,69.904983,SUCCESS,47.741099,1119784.0,1642540,20,cn99,2026-05-25T19:21:42+00:00,2026-05-25T19:46:19+00:00,
nospec,inline,new,C,mt_pth,11,SUCCESS,2.201511,72.11305,SUCCESS,47.741099,1119784.0,1642540,20,cn99,2026-05-25T19:21:42+00:00,2026-05-25T19:46:19+00:00,
nospec,inline,new,C,mt_pth,12,SUCCESS,2.193096,72.459746,SUCCESS,47.741099,1119784.0,1642540,20,cn99,2026-05-25T19:21:42+00:00,2026-05-25T19:46:19+00:00,
nospec,inline,new,C,mt_pth,13,SUCCESS,2.212678,71.767104,SUCCESS,47.741099,1119784.0,1642540,20,cn99,2026-05-25T19:21:42+00:00,2026-05-25T19:46:19+00:00,
nospec,inline,new,C,mt_pth,14,SUCCESS,2.265724,70.043076,SUCCESS,47.741099,1119784.0,1642540,20,cn99,2026-05-25T19:21:42+00:00,2026-05-25T19:46:19+00:00,
nospec,inline,new,C,mt_pth,15,SUCCESS,2.172542,73.053867,SUCCESS,47.741099,1119784.0,1642540,20,cn99,2026-05-25T19:21:42+00:00,2026-05-25T19:46:19+00:00,
nospec,inline,new,C,mt_pth,16,SUCCESS,2.286262,69.543462,SUCCESS,47.741099,1119784.0,1642540,20,cn99,2026-05-25T19:21:42+00:00,2026-05-25T19:46:19+00:00,
nospec,inline,new,C,mt_pth,17,SUCCESS,2.217492,71.534005,SUCCESS,47.741099,1119784.0,1642540,20,cn99,2026-05-25T19:21:42+00:00,2026-05-25T19:46:19+00:00,
nospec,inline,new,C,mt_pth,18,SUCCESS,2.27418,69.797778,SUCCESS,47.741099,1119784.0,1642540,20,cn99,2026-05-25T19:21:42+00:00,2026-05-25T19:46:19+00:00,
nospec,inline,new,C,mt_pth,19,SUCCESS,2.222265,71.871798,SUCCESS,47.741099,1119784.0,1642540,20,cn99,2026-05-25T19:21:42+00:00,2026-05-25T19:46:19+00:00,
nospec,inline,new,C,mt_pth,20,SUCCESS,2.305476,69.22016,SUCCESS,47.741099,1119784.0,1642540,20,cn99,2026-05-25T19:21:42+00:00,2026-05-25T19:46:19+00:00,
nospec,inline,orig,A,mt_pth,1,SUCCESS,0.56246,7.113777,SUCCESS,12.88544,621624.0,1642540,5,cn99,2026-05-25T18:53:50+00:00,2026-05-25T18:56:36+00:00,
nospec,inline,orig,A,mt_pth,2,SUCCESS,0.550485,7.261366,SUCCESS,12.88544,621624.0,1642540,5,cn99,2026-05-25T18:53:50+00:00,2026-05-25T18:56:36+00:00,
nospec,inline,orig,A,mt_pth,3,SUCCESS,0.531956,7.548028,SUCCESS,12.88544,621624.0,1642540,5,cn99,2026-05-25T18:53:50+00:00,2026-05-25T18:56:36+00:00,
nospec,inline,orig,A,mt_pth,4,SUCCESS,0.497926,8.045972,SUCCESS,12.88544,621624.0,1642540,5,cn99,2026-05-25T18:53:50+00:00,2026-05-25T18:56:36+00:00,
nospec,inline,orig,A,mt_pth,5,SUCCESS,0.535952,7.454197,SUCCESS,12.88544,621624.0,1642540,5,cn99,2026-05-25T18:53:50+00:00,2026-05-25T18:56:36+00:00,
nospec,inline,orig,A,mt_pth,6,SUCCESS,0.53761,7.443934,SUCCESS,12.88544,621624.0,1642540,5,cn99,2026-05-25T18:53:50+00:00,2026-05-25T18:56:36+00:00,
nospec,inline,orig,A,mt_pth,7,SUCCESS,0.557864,7.172372,SUCCESS,12.88544,621624.0,1642540,5,cn99,2026-05-25T18:53:50+00:00,2026-05-25T18:56:36+00:00,
nospec,inline,orig,A,mt_pth,8,SUCCESS,0.553631,7.231392,SUCCESS,12.88544,621624.0,1642540,5,cn99,2026-05-25T18:53:50+00:00,2026-05-25T18:56:36+00:00,
nospec,inline,orig,A,mt_pth,9,SUCCESS,0.557958,7.176517,SUCCESS,12.88544,621624.0,1642540,5,cn99,2026-05-25T18:53:50+00:00,2026-05-25T18:56:36+00:00,
nospec,inline,orig,A,mt_pth,10,SUCCESS,0.56134,7.133781,SUCCESS,12.88544,621624.0,1642540,5,cn99,2026-05-25T18:53:50+00:00,2026-05-25T18:56:36+00:00,
nospec,inline,orig,A,mt_pth,11,SUCCESS,0.562894,7.107613,SUCCESS,12.88544,621624.0,1642540,5,cn99,2026-05-25T18:53:50+00:00,2026-05-25T18:56:36+00:00,
nospec,inline,orig,A,mt_pth,12,SUCCESS,0.537003,7.474853,SUCCESS,12.88544,621624.0,1642540,5,cn99,2026-05-25T18:53:50+00:00,2026-05-25T18:56:36+00:00,
nospec,inline,orig,A,mt_pth,13,SUCCESS,0.525925,7.636798,SUCCESS,12.88544,621624.0,1642540,5,cn99,2026-05-25T18:53:50+00:00,2026-05-25T18:56:36+00:00,
nospec,inline,orig,A,mt_pth,14,SUCCESS,0.521112,7.720488,SUCCESS,12.88544,621624.0,1642540,5,cn99,2026-05-25T18:53:50+00:00,2026-05-25T18:56:36+00:00,
nospec,inline,orig,A,mt_pth,15,SUCCESS,0.519661,7.727295,SUCCESS,12.88544,621624.0,1642540,5,cn99,2026-05-25T18:53:50+00:00,2026-05-25T18:56:36+00:00,
nospec,inline,orig,A,mt_pth,16,SUCCESS,0.480619,8.392496,SUCCESS,12.88544,621624.0,1642540,5,cn99,2026-05-25T18:53:50+00:00,2026-05-25T18:56:36+00:00,
nospec,inline,orig,A,mt_pth,17,SUCCESS,0.492625,8.155391,SUCCESS,12.88544,621624.0,1642540,5,cn99,2026-05-25T18:53:50+00:00,2026-05-25T18:56:36+00:00,
nospec,inline,orig,A,mt_pth,18,SUCCESS,0.507608,7.892286,SUCCESS,12.88544,621624.0,1642540,5,cn99,2026-05-25T18:53:50+00:00,2026-05-25T18:56:36+00:00,
nospec,inline,orig,A,mt_pth,19,SUCCESS,0.49625,8.09571,SUCCESS,12.88544,621624.0,1642540,5,cn99,2026-05-25T18:53:50+00:00,2026-05-25T18:56:36+00:00,
nospec,inline,orig,A,mt_pth,20,SUCCESS,0.510985,7.866675,SUCCESS,12.88544,621624.0,1642540,5,cn99,2026-05-25T18:53:50+00:00,2026-05-25T18:56:36+00:00,
nospec,inline,orig,B,mt_pth,1,SUCCESS,0.536818,36.438923,SUCCESS,12.911459,621484.0,1642540,13,cn99,2026-05-25T18:57:33+00:00,2026-05-25T19:10:16+00:00,
nospec,inline,orig,B,mt_pth,2,SUCCESS,0.521774,37.517581,SUCCESS,12.911459,621484.0,1642540,13,cn99,2026-05-25T18:57:33+00:00,2026-05-25T19:10:16+00:00,
nospec,inline,orig,B,mt_pth,3,SUCCESS,0.511771,38.264863,SUCCESS,12.911459,621484.0,1642540,13,cn99,2026-05-25T18:57:33+00:00,2026-05-25T19:10:16+00:00,
nospec,inline,orig,B,mt_pth,4,SUCCESS,0.547928,35.705728,SUCCESS,12.911459,621484.0,1642540,13,cn99,2026-05-25T18:57:33+00:00,2026-05-25T19:10:16+00:00,
nospec,inline,orig,B,mt_pth,5,SUCCESS,0.525541,37.242132,SUCCESS,12.911459,621484.0,1642540,13,cn99,2026-05-25T18:57:33+00:00,2026-05-25T19:10:16+00:00,
nospec,inline,orig,B,mt_pth,6,SUCCESS,0.521383,37.547171,SUCCESS,12.911459,621484.0,1642540,13,cn99,2026-05-25T18:57:33+00:00,2026-05-25T19:10:16+00:00,
nospec,inline,orig,B,mt_pth,7,SUCCESS,0.528043,37.076995,SUCCESS,12.911459,621484.0,1642540,13,cn99,2026-05-25T18:57:33+00:00,2026-05-25T19:10:16+00:00,
nospec,inline,orig,B,mt_pth,8,SUCCESS,0.534663,36.633864,SUCCESS,12.911459,621484.0,1642540,13,cn99,2026-05-25T18:57:33+00:00,2026-05-25T19:10:16+00:00,
nospec,inline,orig,B,mt_pth,9,SUCCESS,0.534363,36.635887,SUCCESS,12.911459,621484.0,1642540,13,cn99,2026-05-25T18:57:33+00:00,2026-05-25T19:10:16+00:00,
nospec,inline,orig,B,mt_pth,10,SUCCESS,0.521447,37.545812,SUCCESS,12.911459,621484.0,1642540,13,cn99,2026-05-25T18:57:33+00:00,2026-05-25T19:10:16+00:00,
nospec,inline,orig,B,mt_pth,11,SUCCESS,0.569361,34.388,SUCCESS,12.911459,621484.0,1642540,13,cn99,2026-05-25T18:57:33+00:00,2026-05-25T19:10:16+00:00,
nospec,inline,orig,B,mt_pth,12,SUCCESS,0.524399,37.39618,SUCCESS,12.911459,621484.0,1642540,13,cn99,2026-05-25T18:57:33+00:00,2026-05-25T19:10:16+00:00,
nospec,inline,orig,B,mt_pth,13,SUCCESS,0.516938,37.924545,SUCCESS,12.911459,621484.0,1642540,13,cn99,2026-05-25T18:57:33+00:00,2026-05-25T19:10:16+00:00,
nospec,inline,orig,B,mt_pth,14,SUCCESS,0.515302,38.042794,SUCCESS,12.911459,621484.0,1642540,13,cn99,2026-05-25T18:57:33+00:00,2026-05-25T19:10:16+00:00,
nospec,inline,orig,B,mt_pth,15,SUCCESS,0.512024,38.465407,SUCCESS,12.911459,621484.0,1642540,13,cn99,2026-05-25T18:57:33+00:00,2026-05-25T19:10:16+00:00,
nospec,inline,orig,B,mt_pth,16,SUCCESS,0.523905,37.395201,SUCCESS,12.911459,621484.0,1642540,13,cn99,2026-05-25T18:57:33+00:00,2026-05-25T19:10:16+00:00,
nospec,inline,orig,B,mt_pth,17,SUCCESS,0.504004,38.834221,SUCCESS,12.911459,621484.0,1642540,13,cn99,2026-05-25T18:57:33+00:00,2026-05-25T19:10:16+00:00,
nospec,inline,orig,B,mt_pth,18,SUCCESS,0.503082,38.906291,SUCCESS,12.911459,621484.0,1642540,13,cn99,2026-05-25T18:57:33+00:00,2026-05-25T19:10:16+00:00,
nospec,inline,orig,B,mt_pth,19,SUCCESS,0.515296,38.002676,SUCCESS,12.911459,621484.0,1642540,13,cn99,2026-05-25T18:57:33+00:00,2026-05-25T19:10:16+00:00,
nospec,inline,orig,B,mt_pth,20,SUCCESS,0.506156,38.729707,SUCCESS,12.911459,621484.0,1642540,13,cn99,2026-05-25T18:57:33+00:00,2026-05-25T19:10:16+00:00,
nospec,inline,orig,C,mt_pth,1,SUCCESS,0.519935,301.004309,,,,1642540,21,cn99,2026-05-25T19:25:49+00:00,,
nospec,inline,orig,C,mt_pth,2,SUCCESS,0.515627,303.381383,,,,1642540,21,cn99,2026-05-25T19:25:49+00:00,,
nospec,inline,orig,C,mt_pth,3,SUCCESS,0.5197,301.097412,,,,1642540,21,cn99,2026-05-25T19:25:49+00:00,,
nospec,inline,orig,C,mt_pth,4,SUCCESS,0.519088,301.183654,,,,1642540,21,cn99,2026-05-25T19:25:49+00:00,,
nospec,inline,orig,C,mt_pth,5,SUCCESS,0.527113,296.922322,,,,1642540,21,cn99,2026-05-25T19:25:49+00:00,,
nospec,inline,orig,C,mt_pth,6,SUCCESS,0.536465,291.746056,,,,1642540,21,cn99,2026-05-25T19:25:49+00:00,,
nospec,noinline,new,A,mt_pth,1,SUCCESS,1.703619,2.464484,SUCCESS,26.069535,1373812.0,1642540,6,cn99,2026-05-25T18:53:50+00:00,2026-05-25T18:55:07+00:00,
nospec,noinline,new,A,mt_pth,2,SUCCESS,1.588631,2.667123,SUCCESS,26.069535,1373812.0,1642540,6,cn99,2026-05-25T18:53:50+00:00,2026-05-25T18:55:07+00:00,
nospec,noinline,new,A,mt_pth,3,SUCCESS,1.696092,2.472979,SUCCESS,26.069535,1373812.0,1642540,6,cn99,2026-05-25T18:53:50+00:00,2026-05-25T18:55:07+00:00,
nospec,noinline,new,A,mt_pth,4,SUCCESS,1.72686,2.44128,SUCCESS,26.069535,1373812.0,1642540,6,cn99,2026-05-25T18:53:50+00:00,2026-05-25T18:55:07+00:00,
nospec,noinline,new,A,mt_pth,5,SUCCESS,1.694361,2.479429,SUCCESS,26.069535,1373812.0,1642540,6,cn99,2026-05-25T18:53:50+00:00,2026-05-25T18:55:07+00:00,
nospec,noinline,new,A,mt_pth,6,SUCCESS,1.659648,2.533019,SUCCESS,26.069535,1373812.0,1642540,6,cn99,2026-05-25T18:53:50+00:00,2026-05-25T18:55:07+00:00,
nospec,noinline,new,A,mt_pth,7,SUCCESS,1.704612,2.468689,SUCCESS,26.069535,1373812.0,1642540,6,cn99,2026-05-25T18:53:50+00:00,2026-05-25T18:55:07+00:00,
nospec,noinline,new,A,mt_pth,8,SUCCESS,1.734171,2.43524,SUCCESS,26.069535,1373812.0,1642540,6,cn99,2026-05-25T18:53:50+00:00,2026-05-25T18:55:07+00:00,
nospec,noinline,new,A,mt_pth,9,SUCCESS,1.697512,2.526069,SUCCESS,26.069535,1373812.0,1642540,6,cn99,2026-05-25T18:53:50+00:00,2026-05-25T18:55:07+00:00,
nospec,noinline,new,A,mt_pth,10,SUCCESS,1.699121,2.47965,SUCCESS,26.069535,1373812.0,1642540,6,cn99,2026-05-25T18:53:50+00:00,2026-05-25T18:55:07+00:00,
nospec,noinline,new,A,mt_pth,11,SUCCESS,1.70518,2.489638,SUCCESS,26.069535,1373812.0,1642540,6,cn99,2026-05-25T18:53:50+00:00,2026-05-25T18:55:07+00:00,
nospec,noinline,new,A,mt_pth,12,SUCCESS,1.760306,2.39843,SUCCESS,26.069535,1373812.0,1642540,6,cn99,2026-05-25T18:53:50+00:00,2026-05-25T18:55:07+00:00,
nospec,noinline,new,A,mt_pth,13,SUCCESS,1.716164,2.455756,SUCCESS,26.069535,1373812.0,1642540,6,cn99,2026-05-25T18:53:50+00:00,2026-05-25T18:55:07+00:00,
nospec,noinline,new,A,mt_pth,14,SUCCESS,1.719919,2.451402,SUCCESS,26.069535,1373812.0,1642540,6,cn99,2026-05-25T18:53:50+00:00,2026-05-25T18:55:07+00:00,
nospec,noinline,new,A,mt_pth,15,SUCCESS,1.714476,2.444068,SUCCESS,26.069535,1373812.0,1642540,6,cn99,2026-05-25T18:53:50+00:00,2026-05-25T18:55:07+00:00,
nospec,noinline,new,A,mt_pth,16,SUCCESS,1.72763,2.422805,SUCCESS,26.069535,1373812.0,1642540,6,cn99,2026-05-25T18:53:50+00:00,2026-05-25T18:55:07+00:00,
nospec,noinline,new,A,mt_pth,17,SUCCESS,1.702148,2.491736,SUCCESS,26.069535,1373812.0,1642540,6,cn99,2026-05-25T18:53:50+00:00,2026-05-25T18:55:07+00:00,
nospec,noinline,new,A,mt_pth,18,SUCCESS,1.718754,2.4407,SUCCESS,26.069535,1373812.0,1642540,6,cn99,2026-05-25T18:53:50+00:00,2026-05-25T18:55:07+00:00,
nospec,noinline,new,A,mt_pth,19,SUCCESS,1.710893,2.470068,SUCCESS,26.069535,1373812.0,1642540,6,cn99,2026-05-25T18:53:50+00:00,2026-05-25T18:55:07+00:00,
nospec,noinline,new,A,mt_pth,20,SUCCESS,1.704132,2.457962,SUCCESS,26.069535,1373812.0,1642540,6,cn99,2026-05-25T18:53:50+00:00,2026-05-25T18:55:07+00:00,
nospec,noinline,new,B,mt_pth,1,SUCCESS,1.814559,10.905851,SUCCESS,27.035737,1373892.0,1642540,14,cn99,2026-05-25T18:59:50+00:00,2026-05-25T19:03:57+00:00,
nospec,noinline,new,B,mt_pth,2,SUCCESS,1.782493,11.140558,SUCCESS,27.035737,1373892.0,1642540,14,cn99,2026-05-25T18:59:50+00:00,2026-05-25T19:03:57+00:00,
nospec,noinline,new,B,mt_pth,3,SUCCESS,1.813131,10.959833,SUCCESS,27.035737,1373892.0,1642540,14,cn99,2026-05-25T18:59:50+00:00,2026-05-25T19:03:57+00:00,
nospec,noinline,new,B,mt_pth,4,SUCCESS,1.720166,11.524225,SUCCESS,27.035737,1373892.0,1642540,14,cn99,2026-05-25T18:59:50+00:00,2026-05-25T19:03:57+00:00,
nospec,noinline,new,B,mt_pth,5,SUCCESS,1.702746,11.620085,SUCCESS,27.035737,1373892.0,1642540,14,cn99,2026-05-25T18:59:50+00:00,2026-05-25T19:03:57+00:00,
nospec,noinline,new,B,mt_pth,6,SUCCESS,1.808981,11.050349,SUCCESS,27.035737,1373892.0,1642540,14,cn99,2026-05-25T18:59:50+00:00,2026-05-25T19:03:57+00:00,
nospec,noinline,new,B,mt_pth,7,SUCCESS,1.831004,10.811159,SUCCESS,27.035737,1373892.0,1642540,14,cn99,2026-05-25T18:59:50+00:00,2026-05-25T19:03:57+00:00,
nospec,noinline,new,B,mt_pth,8,SUCCESS,1.790412,11.049389,SUCCESS,27.035737,1373892.0,1642540,14,cn99,2026-05-25T18:59:50+00:00,2026-05-25T19:03:57+00:00,
nospec,noinline,new,B,mt_pth,9,SUCCESS,1.839303,10.775789,SUCCESS,27.035737,1373892.0,1642540,14,cn99,2026-05-25T18:59:50+00:00,2026-05-25T19:03:57+00:00,
nospec,noinline,new,B,mt_pth,10,SUCCESS,1.839488,10.774779,SUCCESS,27.035737,1373892.0,1642540,14,cn99,2026-05-25T18:59:50+00:00,2026-05-25T19:03:57+00:00,
nospec,noinline,new,B,mt_pth,11,SUCCESS,1.800519,10.990026,SUCCESS,27.035737,1373892.0,1642540,14,cn99,2026-05-25T18:59:50+00:00,2026-05-25T19:03:57+00:00,
nospec,noinline,new,B,mt_pth,12,SUCCESS,1.840245,10.762568,SUCCESS,27.035737,1373892.0,1642540,14,cn99,2026-05-25T18:59:50+00:00,2026-05-25T19:03:57+00:00,
nospec,noinline,new,B,mt_pth,13,SUCCESS,1.849091,10.707722,SUCCESS,27.035737,1373892.0,1642540,14,cn99,2026-05-25T18:59:50+00:00,2026-05-25T19:03:57+00:00,
nospec,noinline,new,B,mt_pth,14,SUCCESS,1.866332,10.625552,SUCCESS,27.035737,1373892.0,1642540,14,cn99,2026-05-25T18:59:50+00:00,2026-05-25T19:03:57+00:00,
nospec,noinline,new,B,mt_pth,15,SUCCESS,1.841405,10.750299,SUCCESS,27.035737,1373892.0,1642540,14,cn99,2026-05-25T18:59:50+00:00,2026-05-25T19:03:57+00:00,
nospec,noinline,new,B,mt_pth,16,SUCCESS,1.846228,10.781137,SUCCESS,27.035737,1373892.0,1642540,14,cn99,2026-05-25T18:59:50+00:00,2026-05-25T19:03:57+00:00,
nospec,noinline,new,B,mt_pth,17,SUCCESS,1.793939,11.037257,SUCCESS,27.035737,1373892.0,1642540,14,cn99,2026-05-25T18:59:50+00:00,2026-05-25T19:03:57+00:00,
nospec,noinline,new,B,mt_pth,18,SUCCESS,1.827162,10.834918,SUCCESS,27.035737,1373892.0,1642540,14,cn99,2026-05-25T18:59:50+00:00,2026-05-25T19:03:57+00:00,
nospec,noinline,new,B,mt_pth,19,SUCCESS,1.801883,10.984928,SUCCESS,27.035737,1373892.0,1642540,14,cn99,2026-05-25T18:59:50+00:00,2026-05-25T19:03:57+00:00,
nospec,noinline,new,B,mt_pth,20,SUCCESS,1.801225,11.01538,SUCCESS,27.035737,1373892.0,1642540,14,cn99,2026-05-25T18:59:50+00:00,2026-05-25T19:03:57+00:00,
nospec,noinline,new,C,mt_pth,1,SUCCESS,1.563089,100.915737,,,,1642540,22,cn99,2026-05-25T19:40:37+00:00,,
nospec,noinline,new,C,mt_pth,2,SUCCESS,1.553408,101.397785,,,,1642540,22,cn99,2026-05-25T19:40:37+00:00,,
nospec,noinline,new,C,mt_pth,3,SUCCESS,1.549544,101.889868,,,,1642540,22,cn99,2026-05-25T19:40:37+00:00,,
nospec,noinline,new,C,mt_pth,4,SUCCESS,1.579991,99.724679,,,,1642540,22,cn99,2026-05-25T19:40:37+00:00,,
nospec,noinline,new,C,mt_pth,5,SUCCESS,1.582947,99.596519,,,,1642540,22,cn99,2026-05-25T19:40:37+00:00,,
nospec,noinline,new,C,mt_pth,6,SUCCESS,1.596298,98.730509,,,,1642540,22,cn99,2026-05-25T19:40:37+00:00,,
nospec,noinline,new,C,mt_pth,7,SUCCESS,1.611052,97.86904,,,,1642540,22,cn99,2026-05-25T19:40:37+00:00,,
nospec,noinline,new,C,mt_pth,8,SUCCESS,1.599345,98.507643,,,,1642540,22,cn99,2026-05-25T19:40:37+00:00,,
nospec,noinline,new,C,mt_pth,9,SUCCESS,1.581876,99.581741,,,,1642540,22,cn99,2026-05-25T19:40:37+00:00,,
nospec,noinline,new,C,mt_pth,10,SUCCESS,1.762007,89.599566,,,,1642540,22,cn99,2026-05-25T19:40:37+00:00,,
nospec,noinline,new,C,mt_pth,11,SUCCESS,1.767519,89.601381,,,,1642540,22,cn99,2026-05-25T19:40:37+00:00,,
nospec,noinline,new,C,mt_pth,12,SUCCESS,1.758237,89.794952,,,,1642540,22,cn99,2026-05-25T19:40:37+00:00,,
nospec,noinline,new,C,mt_pth,13,SUCCESS,1.766265,89.388458,,,,1642540,22,cn99,2026-05-25T19:40:37+00:00,,
nospec,noinline,new,C,mt_pth,14,SUCCESS,1.752089,90.115293,,,,1642540,22,cn99,2026-05-25T19:40:37+00:00,,
nospec,noinline,new,C,mt_pth,15,SUCCESS,1.765744,89.428623,,,,1642540,22,cn99,2026-05-25T19:40:37+00:00,,
nospec,noinline,new,C,mt_pth,16,SUCCESS,1.77556,88.944243,,,,1642540,22,cn99,2026-05-25T19:40:37+00:00,,
nospec,noinline,new,C,mt_pth,17,SUCCESS,1.770082,89.200483,,,,1642540,22,cn99,2026-05-25T19:40:37+00:00,,
nospec,noinline,new,C,mt_pth,18,SUCCESS,1.776506,88.890379,,,,1642540,22,cn99,2026-05-25T19:40:37+00:00,,
nospec,noinline,new,C,mt_pth,19,SUCCESS,1.774061,89.029839,,,,1642540,22,cn99,2026-05-25T19:40:37+00:00,,
nospec,noinline,orig,A,mt_pth,1,SUCCESS,0.418185,9.502534,SUCCESS,18.966338,692564.0,1642540,7,cn99,2026-05-25T18:53:56+00:00,2026-05-25T18:57:29+00:00,
nospec,noinline,orig,A,mt_pth,2,SUCCESS,0.406961,9.781551,SUCCESS,18.966338,692564.0,1642540,7,cn99,2026-05-25T18:53:56+00:00,2026-05-25T18:57:29+00:00,
nospec,noinline,orig,A,mt_pth,3,SUCCESS,0.406355,9.768474,SUCCESS,18.966338,692564.0,1642540,7,cn99,2026-05-25T18:53:56+00:00,2026-05-25T18:57:29+00:00,
nospec,noinline,orig,A,mt_pth,4,SUCCESS,0.416677,9.535601,SUCCESS,18.966338,692564.0,1642540,7,cn99,2026-05-25T18:53:56+00:00,2026-05-25T18:57:29+00:00,
nospec,noinline,orig,A,mt_pth,5,SUCCESS,0.414638,9.626839,SUCCESS,18.966338,692564.0,1642540,7,cn99,2026-05-25T18:53:56+00:00,2026-05-25T18:57:29+00:00,
nospec,noinline,orig,A,mt_pth,6,SUCCESS,0.42829,9.277124,SUCCESS,18.966338,692564.0,1642540,7,cn99,2026-05-25T18:53:56+00:00,2026-05-25T18:57:29+00:00,
nospec,noinline,orig,A,mt_pth,7,SUCCESS,0.434653,9.131484,SUCCESS,18.966338,692564.0,1642540,7,cn99,2026-05-25T18:53:56+00:00,2026-05-25T18:57:29+00:00,
nospec,noinline,orig,A,mt_pth,8,SUCCESS,0.433114,9.166039,SUCCESS,18.966338,692564.0,1642540,7,cn99,2026-05-25T18:53:56+00:00,2026-05-25T18:57:29+00:00,
nospec,noinline,orig,A,mt_pth,9,SUCCESS,0.434241,9.144804,SUCCESS,18.966338,692564.0,1642540,7,cn99,2026-05-25T18:53:56+00:00,2026-05-25T18:57:29+00:00,
nospec,noinline,orig,A,mt_pth,10,SUCCESS,0.388584,10.259256,SUCCESS,18.966338,692564.0,1642540,7,cn99,2026-05-25T18:53:56+00:00,2026-05-25T18:57:29+00:00,
nospec,noinline,orig,A,mt_pth,11,SUCCESS,0.412092,9.692541,SUCCESS,18.966338,692564.0,1642540,7,cn99,2026-05-25T18:53:56+00:00,2026-05-25T18:57:29+00:00,
nospec,noinline,orig,A,mt_pth,12,SUCCESS,0.393411,10.130276,SUCCESS,18.966338,692564.0,1642540,7,cn99,2026-05-25T18:53:56+00:00,2026-05-25T18:57:29+00:00,
nospec,noinline,orig,A,mt_pth,13,SUCCESS,0.403127,9.89386,SUCCESS,18.966338,692564.0,1642540,7,cn99,2026-05-25T18:53:56+00:00,2026-05-25T18:57:29+00:00,
nospec,noinline,orig,A,mt_pth,14,SUCCESS,0.410843,9.705853,SUCCESS,18.966338,692564.0,1642540,7,cn99,2026-05-25T18:53:56+00:00,2026-05-25T18:57:29+00:00,
nospec,noinline,orig,A,mt_pth,15,SUCCESS,0.402683,9.893176,SUCCESS,18.966338,692564.0,1642540,7,cn99,2026-05-25T18:53:56+00:00,2026-05-25T18:57:29+00:00,
nospec,noinline,orig,A,mt_pth,16,SUCCESS,0.408111,9.772876,SUCCESS,18.966338,692564.0,1642540,7,cn99,2026-05-25T18:53:56+00:00,2026-05-25T18:57:29+00:00,
nospec,noinline,orig,A,mt_pth,17,SUCCESS,0.411543,9.659101,SUCCESS,18.966338,692564.0,1642540,7,cn99,2026-05-25T18:53:56+00:00,2026-05-25T18:57:29+00:00,
nospec,noinline,orig,A,mt_pth,18,SUCCESS,0.409504,9.737132,SUCCESS,18.966338,692564.0,1642540,7,cn99,2026-05-25T18:53:56+00:00,2026-05-25T18:57:29+00:00,
nospec,noinline,orig,A,mt_pth,19,SUCCESS,0.412116,9.674853,SUCCESS,18.966338,692564.0,1642540,7,cn99,2026-05-25T18:53:56+00:00,2026-05-25T18:57:29+00:00,
nospec,noinline,orig,A,mt_pth,20,SUCCESS,0.414528,9.616146,SUCCESS,18.966338,692564.0,1642540,7,cn99,2026-05-25T18:53:56+00:00,2026-05-25T18:57:29+00:00,
nospec,noinline,orig,B,mt_pth,1,SUCCESS,0.445802,43.951425,SUCCESS,25.160378,692296.0,1642540,15,cn99,2026-05-25T19:01:46+00:00,2026-05-25T19:17:52+00:00,
nospec,noinline,orig,B,mt_pth,2,SUCCESS,0.427205,45.797158,SUCCESS,25.160378,692296.0,1642540,15,cn99,2026-05-25T19:01:46+00:00,2026-05-25T19:17:52+00:00,
nospec,noinline,orig,B,mt_pth,3,SUCCESS,0.421267,46.47469,SUCCESS,25.160378,692296.0,1642540,15,cn99,2026-05-25T19:01:46+00:00,2026-05-25T19:17:52+00:00,
nospec,noinline,orig,B,mt_pth,4,SUCCESS,0.419323,46.672818,SUCCESS,25.160378,692296.0,1642540,15,cn99,2026-05-25T19:01:46+00:00,2026-05-25T19:17:52+00:00,
nospec,noinline,orig,B,mt_pth,5,SUCCESS,0.415746,47.04793,SUCCESS,25.160378,692296.0,1642540,15,cn99,2026-05-25T19:01:46+00:00,2026-05-25T19:17:52+00:00,
nospec,noinline,orig,B,mt_pth,6,SUCCESS,0.40385,48.461504,SUCCESS,25.160378,692296.0,1642540,15,cn99,2026-05-25T19:01:46+00:00,2026-05-25T19:17:52+00:00,
nospec,noinline,orig,B,mt_pth,7,SUCCESS,0.415412,47.106138,SUCCESS,25.160378,692296.0,1642540,15,cn99,2026-05-25T19:01:46+00:00,2026-05-25T19:17:52+00:00,
nospec,noinline,orig,B,mt_pth,8,SUCCESS,0.411239,47.567907,SUCCESS,25.160378,692296.0,1642540,15,cn99,2026-05-25T19:01:46+00:00,2026-05-25T19:17:52+00:00,
nospec,noinline,orig,B,mt_pth,9,SUCCESS,0.416147,47.01845,SUCCESS,25.160378,692296.0,1642540,15,cn99,2026-05-25T19:01:46+00:00,2026-05-25T19:17:52+00:00,
nospec,noinline,orig,B,mt_pth,10,SUCCESS,0.414682,47.156891,SUCCESS,25.160378,692296.0,1642540,15,cn99,2026-05-25T19:01:46+00:00,2026-05-25T19:17:52+00:00,
nospec,noinline,orig,B,mt_pth,11,SUCCESS,0.419507,46.757633,SUCCESS,25.160378,692296.0,1642540,15,cn99,2026-05-25T19:01:46+00:00,2026-05-25T19:17:52+00:00,
nospec,noinline,orig,B,mt_pth,12,SUCCESS,0.423516,46.219972,SUCCESS,25.160378,692296.0,1642540,15,cn99,2026-05-25T19:01:46+00:00,2026-05-25T19:17:52+00:00,
nospec,noinline,orig,B,mt_pth,13,SUCCESS,0.422318,46.323315,SUCCESS,25.160378,692296.0,1642540,15,cn99,2026-05-25T19:01:46+00:00,2026-05-25T19:17:52+00:00,
nospec,noinline,orig,B,mt_pth,14,SUCCESS,0.41045,47.652467,SUCCESS,25.160378,692296.0,1642540,15,cn99,2026-05-25T19:01:46+00:00,2026-05-25T19:17:52+00:00,
nospec,noinline,orig,B,mt_pth,15,SUCCESS,0.413988,47.235837,SUCCESS,25.160378,692296.0,1642540,15,cn99,2026-05-25T19:01:46+00:00,2026-05-25T19:17:52+00:00,
nospec,noinline,orig,B,mt_pth,16,SUCCESS,0.407618,48.011033,SUCCESS,25.160378,692296.0,1642540,15,cn99,2026-05-25T19:01:46+00:00,2026-05-25T19:17:52+00:00,
nospec,noinline,orig,B,mt_pth,17,SUCCESS,0.419079,46.676158,SUCCESS,25.160378,692296.0,1642540,15,cn99,2026-05-25T19:01:46+00:00,2026-05-25T19:17:52+00:00,
nospec,noinline,orig,B,mt_pth,18,SUCCESS,0.412954,47.380073,SUCCESS,25.160378,692296.0,1642540,15,cn99,2026-05-25T19:01:46+00:00,2026-05-25T19:17:52+00:00,
nospec,noinline,orig,B,mt_pth,19,SUCCESS,0.403539,48.463465,SUCCESS,25.160378,692296.0,1642540,15,cn99,2026-05-25T19:01:46+00:00,2026-05-25T19:17:52+00:00,
nospec,noinline,orig,B,mt_pth,20,SUCCESS,0.408274,47.898932,SUCCESS,25.160378,692296.0,1642540,15,cn99,2026-05-25T19:01:46+00:00,2026-05-25T19:17:52+00:00,
nospec,noinline,orig,C,mt_pth,1,SUCCESS,0.435149,359.213403,,,,1642540,23,cn99,2026-05-25T19:46:20+00:00,,
nospec,noinline,orig,C,mt_pth,2,SUCCESS,0.442639,353.006586,,,,1642540,23,cn99,2026-05-25T19:46:20+00:00,,
nospec,noinline,orig,C,mt_pth,3,SUCCESS,0.44172,353.752703,,,,1642540,23,cn99,2026-05-25T19:46:20+00:00,,
nospec,noinline,orig,C,mt_pth,4,SUCCESS,0.441324,354.097215,,,,1642540,23,cn99,2026-05-25T19:46:20+00:00,,
nospec,noinline,orig,C,mt_pth,5,SUCCESS,0.443912,352.046411,,,,1642540,23,cn99,2026-05-25T19:46:20+00:00,,
